"student_id","name","email","registered_date","approved_by"
"1","Austin Ramirez","younggabriel@hotmail.com","2025-04-03","10"
"2","Bryan Martinez","ortegamark@yahoo.com","2024-05-15","10"
"3","Susan Blanchard","eshea@whitaker.net","2024-07-03","1"
"4","Andrea Burke","sean48@gmail.com","2024-10-02","4"
"5","Brett Cross","oalvarez@terry.com","2024-07-13","7"
"6","Tricia Anderson","jennifer18@hotmail.com","2024-12-24","3"
"7","Marissa Armstrong","brittney17@brown.com","2024-03-14","3"
"8","John Vance","joshuaandrews@gmail.com","2023-10-16","3"
"9","Jeremy Davis","stevenortiz@ramirez-smith.com","2023-10-12","6"
"10","Matthew Hawkins","jamiedavenport@flores.com","2023-11-21","9"
"11","Mark Rich","serickson@stone.com","2024-03-27","7"
"12","Steven Glover","jennifer04@gmail.com","2025-03-11","8"
"13","Jaime Jimenez","oyates@hotmail.com","2024-09-12","7"
"14","Brittany Huerta","jasminemorris@holt-green.com","2024-06-01","3"
"15","Melissa Wallace","juan45@carr.com","2024-07-05","7"
"16","Julie Kelley","brett53@russell-morris.com","2024-09-27","2"
"17","Daniel Floyd","noahnelson@chambers.net","2025-04-10","4"
"18","Emily Clark","iclark@wilson.net","2024-06-25","10"
"19","Colin Osborne","cruzstephanie@yahoo.com","2025-04-03","5"
"20","Ryan White","davislori@yahoo.com","2023-11-24","6"
"21","Jessica Barrett","joshuawoodard@gmail.com","2024-10-13","3"
"22","Michael Moore","zacharyhoward@allen.org","2024-10-25","5"
"23","Matthew Dominguez","deanflores@hotmail.com","2024-03-21","2"
"24","Lance Lucero","donaldkhan@martin.com","2025-03-08","6"
"25","Jessica Cervantes","sweeneycharles@taylor-phillips.net","2023-07-29","6"
"26","James Chavez","gomezlee@yahoo.com","2024-04-08","6"
"27","Arthur Ellis","mary16@gmail.com","2023-12-31","1"
"28","Amy Bell","barrjohn@gmail.com","2023-10-30","5"
"29","Christopher Carter","ronaldbenitez@yahoo.com","2024-07-27","2"
"30","Monica Garcia","connorhernandez@gmail.com","2024-08-23","6"
"31","Dustin Munoz","qtucker@yahoo.com","2025-04-06","2"
"32","Raymond Fitzpatrick","melissa14@hotmail.com","2024-10-08","4"
"33","Tina Sullivan","garyrichardson@yahoo.com","2024-01-29","5"
"34","Joyce Gillespie","powellsusan@stevens.com","2024-07-04","7"
"35","Kristin Ford","oliverbrian@meyer.net","2024-03-29","2"
"36","Rebecca Snyder","coreyvelasquez@gmail.com","2024-05-16","3"
"37","Kelli Gutierrez","jacob08@dunn.info","2025-06-05","9"
"38","Cindy Foster","stephen27@kent.com","2024-07-11","5"
"39","Keith Andrews","jamesphillips@strickland.com","2023-09-02","6"
"40","Joe Martinez","scottkevin@hotmail.com","2024-10-01","6"
"41","David Brewer","nicole74@chapman.com","2024-07-01","1"
"42","John Mullen","michaelluna@hotmail.com","2024-07-29","8"
"43","Benjamin Donaldson","smithangela@moore.net","2024-02-12","2"
"44","Michael Miller","vickie59@wagner.com","2024-07-21","10"
"45","Erin Kim","cisneroscharles@mcintosh-bradley.com","2024-06-20","1"
"46","Christine Payne","heatherlee@morgan-garcia.com","2024-05-14","9"
"47","Sarah Bright","michaelclark@lang.com","2024-10-31","8"
"48","Angela Parsons","william36@yahoo.com","2025-05-09","5"
"49","William Bolton","xtorres@shelton-sanders.com","2024-04-04","10"
"50","John Reese","melanie99@mays.net","2024-12-15","8"
"51","Michael Garcia","brenda67@nolan.com","2025-01-10","5"
"52","John Cox","zpark@yahoo.com","2023-07-06","6"
"53","Michael Long","kruegerdaniel@yahoo.com","2024-08-31","2"
"54","Samantha King","pwilliams@hotmail.com","2025-03-10","10"
"55","Daniel Valdez","vasquezerin@johnson-noble.com","2023-12-19","3"
"56","Candace Hunter","branchjose@wright.com","2025-05-22","9"
"57","Rebecca Contreras","laurascott@yahoo.com","2024-07-14","6"
"58","Hannah Reynolds","rosariostephanie@hancock.net","2024-01-24","2"
"59","Katelyn Thomas","robert86@cantrell.com","2023-10-20","5"
"60","Mr. Robert Grant","william39@patterson.net","2024-11-03","3"
"61","Tyler Shaw","michellesingleton@alvarado-cooper.net","2024-05-17","9"
"62","Marcus Hess","rgray@hall-navarro.com","2025-04-13","9"
"63","Lisa Manning","bsmith@zhang.com","2024-08-13","7"
"64","Charles Fleming","mwilliams@yahoo.com","2024-11-10","6"
"65","Desiree Grant","ashleyvincent@newman.com","2024-11-20","3"
"66","Susan Lane DVM","mdrake@foley-luna.net","2025-05-13","3"
"67","Patricia Lee","dixonmichael@hotmail.com","2023-10-31","6"
"68","Patrick Ruiz","danalong@joseph-wiley.com","2024-03-16","4"
"69","Amy Ball","keithbender@hotmail.com","2024-10-02","10"
"70","Jennifer Garcia","mary25@yates.biz","2024-10-11","9"
"71","Steven Wiley","markrandall@davis.com","2024-12-31","2"
"72","Troy Phillips","jessica13@hotmail.com","2024-03-13","6"
"73","Wendy Hill DDS","smithjoshua@reese.com","2025-02-10","1"
"74","Sean Nguyen","perezpatricia@hughes.com","2025-05-30","6"
"75","Kevin Crosby","smithkathleen@yahoo.com","2024-06-24","8"
"76","Jasmine Rodriguez","matthewsjeffrey@wilson-conley.info","2025-01-20","2"
"77","Rebecca Sloan","mirandamadeline@gmail.com","2024-06-21","3"
"78","Tonya Hill","lisawilliamson@hotmail.com","2023-08-05","1"
"79","Michael Anderson","andrew57@white.com","2024-05-27","3"
"80","Ryan Romero","rodriguezkristin@scott-chung.org","2024-08-29","4"
"81","Jonathon Bird","nancy63@hardy-jones.com","2023-07-22","8"
"82","Tabitha Le","rodriguezmatthew@crawford.com","2024-02-27","8"
"83","Michael Garrett","christopherwhite@griffin.com","2023-07-10","4"
"84","Diane Munoz","christophershaw@hotmail.com","2024-09-20","2"
"85","Christopher Russo","kevinnelson@knight-sullivan.com","2023-09-06","6"
"86","Evan Dixon","elizabeth36@gmail.com","2024-05-20","7"
"87","Elizabeth Castillo","linda01@barnett-ellis.org","2023-11-25","2"
"88","Tammy Foster","bennettandrew@yahoo.com","2023-07-20","6"
"89","Tricia Carey","bcunningham@hotmail.com","2024-03-30","4"
"90","Kristy Donovan","joshua61@green.com","2024-10-13","5"
"91","Victor Richardson","mary15@lee.biz","2025-02-28","9"
"92","Keith Tyler","qschwartz@gmail.com","2025-04-30","5"
"93","Chad Ross","acain@gmail.com","2024-07-09","3"
"94","Kimberly Andrews","jacksonlauren@clark-thompson.org","2023-11-26","4"
"95","Jason Kramer","haydenjoe@yahoo.com","2023-09-24","9"
"96","Kristina Alvarado","smithjeffrey@pittman.com","2024-08-12","10"
"97","Brittany Griffin","oberg@moon-fuller.org","2024-10-15","4"
"98","Amy Butler","james75@oliver.org","2024-04-05","2"
"99","Alicia Tran","andrew57@potts.org","2023-07-16","2"
"100","Amy Beck","dondawson@yahoo.com","2023-11-22","6"
"101","Yvonne Smith","millertraci@hayes-hudson.org","2023-09-25","10"
"102","Amanda Garcia DDS","rphillips@yahoo.com","2024-08-16","1"
"103","Peter Fernandez","tonyawalker@gmail.com","2024-01-20","6"
"104","Rachel Myers","robert27@hotmail.com","2023-12-23","2"
"105","Steven Gates","kayla12@gmail.com","2024-11-04","9"
"106","Casey Love","fwashington@yahoo.com","2024-09-06","3"
"107","Julie Cook","wardnicholas@yahoo.com","2024-08-16","2"
"108","Clayton Maddox","stricklandjulie@gmail.com","2023-12-01","1"
"109","Danny Brown","vleonard@gilbert-ray.com","2024-07-29","9"
"110","Jason Johnston","mmolina@gmail.com","2024-11-13","10"
"111","Amy Ross","stacy82@franklin-benjamin.com","2024-08-14","10"
"112","Elizabeth Gomez","rjohnson@hotmail.com","2025-04-10","7"
"113","David Warren","jwheeler@carlson-khan.com","2023-11-11","3"
"114","Larry Parker","clarencewood@hotmail.com","2024-08-18","5"
"115","Nicole Smith","sheltonvictoria@lynch.biz","2023-11-08","8"
"116","Travis Hardy","brady16@hotmail.com","2024-04-27","2"
"117","Walter Jones","daystacy@turner-jones.com","2024-04-20","1"
"118","Rebecca Huang","susan89@fuentes-espinoza.net","2024-05-02","3"
"119","Bryan West","foxnicholas@gillespie.com","2025-02-15","6"
"120","Peggy Sanchez","jessicavillanueva@gmail.com","2024-12-15","2"
"121","Robert Rodriguez","donovanleslie@yahoo.com","2024-11-28","5"
"122","Robin Watkins","joseph53@moore.com","2025-03-04","7"
"123","Michael Taylor","volson@spencer.net","2023-08-08","3"
"124","Carol Phillips","xsantana@gilbert-madden.net","2024-11-27","2"
"125","Lisa Weber","wagnerdanielle@johnson-walls.info","2025-01-26","2"
"126","Rachel Williams","sandra01@hotmail.com","2025-01-29","8"
"127","Kyle Campbell","mccormickemily@hotmail.com","2025-05-09","5"
"128","Kendra Hernandez","uwilson@gmail.com","2024-11-10","4"
"129","Anna Reyes","derrickjones@underwood.com","2024-06-21","1"
"130","Brian Hernandez","michael00@gmail.com","2024-11-17","4"
"131","Ashley Page","tadams@miles.net","2024-05-06","2"
"132","Kyle Gonzalez","george29@knapp.com","2024-10-16","7"
"133","Ashley Gray","harrisphillip@yahoo.com","2025-03-30","2"
"134","Samuel Smith","qwalsh@hotmail.com","2023-09-14","3"
"135","Pamela Cooper","michelle84@reyes.com","2024-08-13","3"
"136","Megan Carson","phillipskayla@floyd.com","2025-01-04","4"
"137","Stephanie Edwards","michael98@douglas-hale.com","2024-04-26","9"
"138","Seth Sloan","saranielsen@gmail.com","2023-12-15","7"
"139","Sylvia Mcpherson","gilbertjose@kim.com","2025-05-10","2"
"140","Richard Mills","aodom@hotmail.com","2025-04-21","9"
"141","David Smith","alex00@hotmail.com","2024-07-07","10"
"142","Craig Case","sierra76@yahoo.com","2024-07-23","1"
"143","Jose Miller","angelagomez@hotmail.com","2025-02-14","1"
"144","Louis Khan","christopher49@cox.net","2024-04-23","6"
"145","Andrew Morrison","jeffrey26@alexander-tyler.net","2025-03-21","9"
"146","Shannon Dickerson","kellymorales@bailey.com","2024-04-21","1"
"147","Cindy Jarvis","davidbrown@hotmail.com","2024-12-14","10"
"148","Kelly Moss","wrighterica@hotmail.com","2024-01-21","9"
"149","Kristen Lawrence","coreychavez@gmail.com","2023-09-02","2"
"150","Mary Lucas","ricedonald@yahoo.com","2025-04-29","3"
"151","Christopher Simpson","robertjohnson@yahoo.com","2025-02-12","1"
"152","Brian Simmons","josephtiffany@hotmail.com","2023-11-17","5"
"153","Michael Pham","erika62@yahoo.com","2023-07-17","6"
"154","Lawrence Bartlett","mark11@phillips-lewis.com","2025-05-31","8"
"155","Stephanie Rodgers","kristen69@hanna-sanchez.net","2024-05-19","8"
"156","Jessica Smith","julia78@hotmail.com","2023-08-18","7"
"157","Rachel Lang","jimrogers@gmail.com","2023-08-15","2"
"158","John Smith","brettmartin@daniel.com","2023-11-07","3"
"159","Travis Warren","odawson@reynolds.com","2023-07-04","5"
"160","Pamela Wood","tara67@yahoo.com","2023-07-24","7"
"161","Stephen Hernandez","patricia23@fletcher.com","2025-06-16","5"
"162","Stephanie Simpson","kkennedy@peterson.com","2023-08-21","7"
"163","Margaret Fowler","tammy19@hotmail.com","2024-02-15","1"
"164","James Jennings","lopezmichael@gmail.com","2024-03-29","7"
"165","Natalie Oconnor","sarahguerra@yahoo.com","2025-06-22","5"
"166","Joshua Abbott","dstewart@gmail.com","2024-08-25","9"
"167","Nicole Jacobs","sbrown@hampton-davis.com","2025-03-04","8"
"168","Maria Woodard","wardchristina@ramirez.info","2025-01-06","5"
"169","Lisa Green","charrison@gmail.com","2023-11-05","8"
"170","Karla Caldwell","eellison@yahoo.com","2024-11-01","7"
"171","Jessica David","lindseybeth@yahoo.com","2024-09-23","5"
"172","Patricia Barajas","tford@hotmail.com","2024-03-11","8"
"173","Barbara Fox","justinshah@lowe-nelson.com","2024-11-09","3"
"174","William Smith","jasonfrancis@hotmail.com","2024-08-10","8"
"175","Angela Riley","tylerthomas@hayes.com","2024-02-13","6"
"176","Brian Paul","gallegosnicholas@hotmail.com","2024-12-26","8"
"177","Craig Boyer","nreed@yahoo.com","2023-12-09","5"
"178","Mary Mitchell","ejoseph@yahoo.com","2025-01-23","9"
"179","Morgan West","dillonmartin@hotmail.com","2024-12-14","8"
"180","Melissa Fletcher","aaron87@vaughn.com","2025-06-02","9"
"181","Taylor Williams","olivia92@yahoo.com","2025-04-21","4"
"182","Caleb Davis","ljones@yahoo.com","2025-05-08","9"
"183","John Shaw","mendozaluke@blake.com","2024-03-27","4"
"184","Sherry Jones","edwardsjacob@gmail.com","2025-02-04","1"
"185","Emily Snyder","yhardy@johnson.com","2023-09-23","1"
"186","Candace Fuentes","amandasteele@evans.com","2024-12-01","8"
"187","Linda Escobar","pkim@hotmail.com","2025-01-25","4"
"188","Joseph Patel","martinezjulie@barnes.info","2023-12-04","7"
"189","Mark Mueller","james33@johnson.com","2024-01-10","10"
"190","Wendy Mccormick","yangdavid@pitts.org","2025-02-01","4"
"191","Nicholas Nunez","morrisreginald@yahoo.com","2025-01-18","3"
"192","Christopher Smith","craig93@yahoo.com","2024-07-12","10"
"193","James Hopkins","zmartin@clark-mullen.com","2024-06-10","4"
"194","William Freeman","lyonsjordan@hotmail.com","2024-02-08","10"
"195","Samuel Garza","btran@williams-ray.org","2024-12-12","6"
"196","Peter Clark","melissalopez@aguilar.biz","2024-02-10","7"
"197","Samuel Rasmussen","donaldhicks@gmail.com","2024-08-13","6"
"198","Alyssa Valencia","amanda35@ross.biz","2024-03-15","4"
"199","Janice Johnson","patelsteven@mejia.org","2025-05-16","10"
"200","Shannon Navarro","amymorris@dennis.com","2025-02-10","8"
"201","Deanna Andrews","jennifer15@marquez.com","2024-12-03","5"
"202","Brittney James","davismichael@hotmail.com","2025-04-06","5"
"203","Yvette Key","obridges@hotmail.com","2023-12-18","7"
"204","Amanda Evans","erik25@gmail.com","2024-12-21","9"
"205","Brittany Clark","garciajon@yahoo.com","2023-08-10","3"
"206","Mary Jackson","patrick38@hanson-fernandez.org","2023-07-08","8"
"207","Nancy Dixon","gjenkins@buchanan.net","2023-11-26","1"
"208","Frances Rodriguez","michelle85@case.org","2023-12-29","4"
"209","Renee Cross","mendozaamanda@harris.org","2025-03-13","7"
"210","Rachael Pratt","ckelly@hotmail.com","2024-03-12","2"
"211","Heather Mitchell","courtneymccall@davis-fox.org","2023-07-31","5"
"212","William Wheeler","millerryan@yoder-kramer.com","2023-10-02","3"
"213","Hannah Walker","cody27@molina.com","2024-09-20","8"
"214","Mark Burgess","paulwarner@roberts-johnson.com","2024-12-01","1"
"215","Mrs. Mary Lara","diaznathan@roth-kennedy.biz","2024-03-04","9"
"216","Ana Wagner","robert76@hotmail.com","2024-06-04","10"
"217","Heather Snow","joseph44@chung.info","2023-07-26","7"
"218","Jessica Carlson","clintonrocha@tucker.com","2024-04-13","10"
"219","Anita Chavez","dawn48@villegas.com","2024-12-24","6"
"220","Frank Davis","adammason@gonzalez.com","2023-08-16","8"
"221","Eric Blanchard","zterry@hotmail.com","2023-09-16","3"
"222","Phillip Lewis","katherinemiller@yahoo.com","2024-03-14","3"
"223","Michael Clark","cartercorey@yahoo.com","2024-09-27","4"
"224","Marco Gonzalez","rosserin@thomas.com","2025-04-20","9"
"225","David Fernandez","leah19@norman.com","2023-09-18","5"
"226","Jake Robertson","njohnson@bentley-webster.com","2025-03-26","6"
"227","Sandra Hamilton","rickybrady@hotmail.com","2024-09-01","7"
"228","Richard Carter","charleslong@yahoo.com","2024-12-21","5"
"229","Stacey Chambers","dawn45@hotmail.com","2023-12-11","2"
"230","Denise Howard","ovelazquez@washington-moon.com","2025-04-05","6"
"231","Donna Adams","cameronmark@yahoo.com","2025-05-23","1"
"232","Nicholas Hernandez","michaelharrison@ballard.info","2024-07-18","5"
"233","Aaron Duran","danielbell@gmail.com","2024-05-09","7"
"234","Angelica Rodriguez","alicia32@hotmail.com","2024-01-06","7"
"235","Malik Wilkins","turnerjennifer@lara.info","2023-10-19","9"
"236","Miguel Moore","kaylahutchinson@hotmail.com","2024-03-26","2"
"237","Natasha Carter","michaelbrown@hotmail.com","2023-12-13","7"
"238","Nicholas Duffy","francojay@gmail.com","2024-03-06","4"
"239","Dr. Debra Thompson","stephaniemcdonald@flores-hart.com","2023-12-14","1"
"240","Nicholas Burton","sfarrell@hotmail.com","2025-04-03","5"
"241","John Thomas","dustin19@brown.org","2024-06-14","5"
"242","Trevor Larson","matthew66@nelson-miller.com","2024-08-12","7"
"243","Benjamin Smith","eric71@gmail.com","2024-04-06","6"
"244","Yolanda Johnson","cherylfreeman@martin-ellison.com","2024-06-14","7"
"245","Robert Hunter","sotokelsey@humphrey.com","2025-01-13","5"
"246","Christopher Lee","clarkedavid@mcgee.org","2024-09-22","4"
"247","Lisa Schneider","alexanderluke@yahoo.com","2024-06-03","7"
"248","Ryan Jimenez","autumnevans@gmail.com","2023-10-17","2"
"249","Tammie Davis","baileyjohn@jensen.info","2025-03-28","1"
"250","Angela Wolfe","hoffmankara@yahoo.com","2025-05-26","6"
"251","Joshua Mejia","danielclark@yahoo.com","2025-06-25","9"
"252","Robert Schmitt","youngstephanie@lowe.com","2023-07-11","3"
"253","Timothy Cochran","halljennifer@love.biz","2024-06-14","4"
"254","Mr. Charles Thornton","jonathanriley@vargas-henderson.net","2024-05-17","1"
"255","Michael Barker","taylorpamela@smith.com","2024-02-09","5"
"256","Carolyn Jimenez","matapatrick@austin.com","2025-05-04","8"
"257","Mark Davis","sabrina85@perez.com","2024-12-06","6"
"258","Carly Christensen","xwalter@hotmail.com","2025-04-08","1"
"259","Tyler Potts","danielwarren@hotmail.com","2024-11-19","8"
"260","Kathy Davis","harveywilliam@acosta.biz","2024-07-10","10"
"261","Lisa Scott","ahoffman@gmail.com","2024-04-15","1"
"262","Shelly Gonzalez","linalexander@hotmail.com","2023-12-08","6"
"263","Melissa Wilson","jacksonaudrey@gmail.com","2023-08-20","5"
"264","Kevin Harrell","angelacampbell@hughes.net","2025-02-18","6"
"265","Jill Lowery","dannyjohnson@carpenter.org","2023-09-22","2"
"266","Melissa Horton","xanderson@best.com","2024-03-17","6"
"267","Matthew Perkins","christopher56@baker-woodard.com","2024-12-10","9"
"268","Desiree Rhodes","ryan68@hotmail.com","2023-08-22","9"
"269","Billy Martinez","xkane@sexton.info","2023-10-03","10"
"270","Thomas Pham","andreaburton@wilson-weber.biz","2024-08-31","4"
"271","Troy Cole","austin23@garcia.com","2025-05-08","9"
"272","Patricia Meza","christinamitchell@gmail.com","2025-04-13","7"
"273","Michael Moreno","lorilewis@ferguson.biz","2023-10-10","4"
"274","Katrina Lara","ebarker@griffin-gardner.com","2025-03-12","9"
"275","Andrew Watson","scott37@lynn.com","2023-07-01","3"
"276","Lisa Norton","nbrown@hotmail.com","2024-11-09","5"
"277","Thomas Alvarado DDS","inelson@hotmail.com","2025-01-13","5"
"278","Vanessa Palmer","paul58@taylor.info","2023-10-06","1"
"279","Laura Oliver","pbryant@klein-arellano.com","2023-10-24","8"
"280","Susan Flynn","morgandavid@yahoo.com","2024-12-03","9"
"281","Rebecca Miller","amber57@huang.com","2023-10-11","4"
"282","Sandra Wilkins","thompsonmary@brown-perez.com","2024-11-27","9"
"283","Frederick Sullivan","timothy18@yahoo.com","2023-08-10","3"
"284","Mark Glass","lauriemoran@koch.info","2025-01-30","3"
"285","Jesus Johnson","lsutton@fletcher.com","2025-05-23","6"
"286","Danny Rosario","jwilson@parrish.com","2024-11-10","9"
"287","Ronald Turner","moneill@williamson.com","2024-05-05","6"
"288","Rodney Carroll","alexanderbarajas@thompson-hernandez.org","2025-04-19","2"
"289","Christopher Callahan","murraycody@howell.com","2023-11-20","5"
"290","Maria Hansen MD","aramirez@hahn.biz","2025-04-05","10"
"291","Julie Jackson","jjacobs@gmail.com","2025-04-02","4"
"292","Melissa Mckee","david05@gmail.com","2025-01-01","10"
"293","Allen Nelson","gbarnett@hotmail.com","2024-01-20","10"
"294","Stephanie Thompson","zmartinez@martinez.biz","2023-10-13","10"
"295","Kathleen Mata","andradetheodore@hotmail.com","2023-07-07","5"
"296","Rachel Cox","patrick36@kelly.com","2024-01-03","8"
"297","Joseph Collier","vkerr@mccormick-case.com","2024-01-13","4"
"298","Dawn Carter","gordonreese@torres.org","2023-12-07","10"
"299","Steven Simpson","swalker@goodman.com","2024-08-23","4"
"300","Stephen Flores","alexander65@gmail.com","2024-03-04","4"
"301","Pamela Carter","curtis39@crane.com","2023-12-29","2"
"302","Linda Walters","angela85@mcclure-foster.net","2024-10-20","1"
"303","Stacey Olson","burnsrenee@brooks.info","2024-11-11","4"
"304","Daniel Clark","alexis60@gmail.com","2024-07-30","4"
"305","Henry Jackson","zgreen@gmail.com","2024-02-13","10"
"306","Aaron Wiggins","riddlejason@gmail.com","2025-03-02","1"
"307","Margaret Hernandez","justin42@johnson.org","2023-12-01","4"
"308","Anthony Sharp","richard78@yahoo.com","2024-10-19","4"
"309","Edward Chapman","courtney04@wagner.com","2023-10-18","5"
"310","Tammie Diaz","robert17@gmail.com","2025-05-06","7"
"311","Joshua Branch","jeffrey17@davis.biz","2025-03-18","4"
"312","Donald Pacheco","rhopkins@gmail.com","2023-09-10","5"
"313","Steve Johnston","hollygreene@horton.net","2025-02-22","10"
"314","Amy Good","duncanalyssa@yahoo.com","2024-09-21","4"
"315","Cody Bender","murphykimberly@richardson.com","2024-03-17","8"
"316","Mary Miller","cindy69@yahoo.com","2023-10-27","1"
"317","Kyle Scott","williamsjonathan@gmail.com","2024-10-06","6"
"318","Michael Lyons","jeffrey67@anderson.com","2024-02-21","7"
"319","Sara Smith","hdavis@becker.info","2023-09-24","10"
"320","Jacob Bender","zanderson@martinez.com","2024-11-22","3"
"321","Henry Sanchez","victoria22@yahoo.com","2024-01-29","2"
"322","Jaclyn Meyer","carrie32@diaz.com","2025-06-22","1"
"323","Michael Willis","ginawade@fisher.com","2023-07-15","10"
"324","Dorothy Berry","thall@yahoo.com","2025-03-06","9"
"325","Benjamin Herrera","jhendrix@mcdonald-gregory.com","2025-03-01","4"
"326","John Sanders","matthew37@burke.biz","2024-03-17","5"
"327","Tanya Allen","robin03@hotmail.com","2025-01-05","10"
"328","Dominique Henry","georgebanks@wells.net","2023-08-08","3"
"329","Bonnie Gregory","yholt@hotmail.com","2025-05-20","8"
"330","Dr. Gary Durham","williamsonmichelle@hotmail.com","2024-12-04","6"
"331","Joseph Roberts","heathershort@duncan.com","2024-08-02","5"
"332","Amber Burton","brittany56@martin-mitchell.com","2023-10-17","6"
"333","Jonathan Martinez","morgan46@hotmail.com","2023-10-31","10"
"334","Julie Romero","wrighttanya@thomas-brown.com","2025-01-27","2"
"335","Frank Martinez","bradley33@rodriguez.com","2024-04-05","1"
"336","Cheryl Thompson","gordonwhitney@gmail.com","2025-06-19","2"
"337","Luis Baldwin","onewman@gmail.com","2023-12-09","10"
"338","Robert Boone","sfreeman@green.net","2024-08-03","5"
"339","Sherri Hernandez","brian02@hotmail.com","2024-12-01","5"
"340","Madeline Smith","venglish@saunders-williams.biz","2025-01-21","2"
"341","Ashley Mayo","jeanettestuart@wells.com","2023-08-17","3"
"342","Cody Rivera","hillmitchell@hoffman-gonzales.biz","2024-10-02","7"
"343","Marie Reilly","ryanhensley@hotmail.com","2024-08-26","1"
"344","Kevin Kelly","mclaughlinrodney@yahoo.com","2023-08-20","1"
"345","Patricia Gallagher","maryfoster@johnson.com","2023-12-13","7"
"346","Shelby Wilson","esullivan@hotmail.com","2024-05-16","3"
"347","Richard Callahan","bgarza@fritz.net","2024-01-07","9"
"348","Dalton Glenn","alane@hotmail.com","2023-11-29","9"
"349","Teresa Moses","watsonnancy@gmail.com","2025-06-08","8"
"350","Troy Hogan","jeremyroberts@thomas-brown.com","2025-05-19","8"
"351","Amanda Carney","isaiah13@chavez.com","2023-09-29","10"
"352","John Terrell","williamwatson@daniel-walsh.com","2024-05-18","9"
"353","Ashley Robinson","jaime59@johnson.org","2024-04-20","7"
"354","Andrew Velasquez","sarah71@hotmail.com","2025-05-18","9"
"355","Justin Salas","lchan@gmail.com","2024-10-25","8"
"356","Carla Love","parsonslisa@hotmail.com","2025-06-03","10"
"357","Randy Schmidt","mark26@yahoo.com","2024-09-30","6"
"358","Dr. Amy Collins","stevealexander@nolan.com","2024-08-24","9"
"359","Jean Page","kylewilliams@wilson.info","2025-01-23","5"
"360","Jacqueline Key","lisa44@reynolds-rose.com","2024-08-04","4"
"361","Maurice Lewis","shane35@gmail.com","2023-08-27","6"
"362","James Jones","kellyjacqueline@reed.com","2024-05-02","9"
"363","Erica Gay","ashley30@warren.com","2024-03-07","8"
"364","David Turner","wcook@johnson.com","2024-12-26","2"
"365","Mike Cantrell","sweeneyamanda@white.info","2024-04-07","3"
"366","Joel Gray","jonathanadams@yahoo.com","2023-08-12","9"
"367","Keith Rodriguez","sullivanpaul@schneider-berg.com","2024-09-25","3"
"368","Walter Werner","francisco65@mcdonald.info","2023-12-24","4"
"369","Daniel Parrish","zbarnes@arroyo-newman.com","2025-04-28","4"
"370","Victoria Bass","qrubio@yahoo.com","2025-06-24","2"
"371","Phillip Scott","bradley24@gmail.com","2024-02-27","7"
"372","Stephen Taylor","amber73@pham.org","2024-09-11","8"
"373","Nicholas Johnson","sstevens@gmail.com","2023-07-06","2"
"374","Lisa Nguyen","nicole41@yahoo.com","2024-01-21","5"
"375","Jeremiah Lara","owells@turner.com","2023-11-14","4"
"376","Matthew George","baileybeverly@gmail.com","2024-07-30","8"
"377","Brandon Allen","rlang@yahoo.com","2024-01-05","6"
"378","Gregory Weber","ronald67@hotmail.com","2024-07-20","8"
"379","Charles Rodgers","psims@nelson-reyes.com","2023-11-23","5"
"380","Eddie Allen","robinward@yahoo.com","2024-09-01","2"
"381","Robert Marshall","charlescastaneda@conner.net","2024-07-09","8"
"382","John Jackson","joncortez@johnson-watson.biz","2025-02-19","9"
"383","Rose Martinez","daniel59@woods.com","2025-03-02","10"
"384","Tammy Jennings","ufields@kline.net","2024-04-20","10"
"385","Austin Rose","crichardson@burns.com","2025-01-15","2"
"386","Paul Sanchez","aruiz@yahoo.com","2024-06-30","9"
"387","Bradley Collins","nhernandez@cabrera.net","2025-03-27","7"
"388","Joel Berry","cooperjamie@morrow-nicholson.org","2024-12-22","3"
"389","Michael Haynes","ericamartinez@yahoo.com","2025-06-07","2"
"390","Scott Sutton","rbarnes@wilson-green.com","2024-01-11","8"
"391","Jennifer Barnes","fstokes@hotmail.com","2023-12-26","9"
"392","Courtney Lewis","johnwilliams@yahoo.com","2024-09-26","5"
"393","Daniel Fernandez","robert94@white.com","2023-12-13","1"
"394","Tamara Briggs","vbeck@hotmail.com","2023-10-30","5"
"395","Nicholas Duran","carloswheeler@gmail.com","2025-03-04","9"
"396","Richard Green","ashley68@pena.com","2024-07-08","1"
"397","Taylor Wallace","lrobinson@benson.com","2023-07-25","8"
"398","Logan Rivera","ericarivera@yahoo.com","2024-10-23","6"
"399","Ms. Karen Blake MD","patricia90@lee-velasquez.biz","2025-02-10","3"
"400","Arthur Lopez","xlucas@gmail.com","2024-11-19","1"
"401","Christopher Wood","villarrealmatthew@vargas-mccoy.com","2023-11-07","7"
"402","Joann Walker","edward35@calhoun.com","2023-09-25","8"
"403","Zachary Williams","melissa06@yahoo.com","2025-03-03","10"
"404","Becky Elliott","paulwhite@gmail.com","2025-03-22","6"
"405","Justin Wood","richardlopez@hotmail.com","2024-03-11","2"
"406","Wendy Foley","baileyclayton@gmail.com","2025-01-05","8"
"407","Lisa Martinez","jonathanwatson@bates-duran.com","2024-09-04","3"
"408","Steven Mcdonald","christopher43@gmail.com","2023-08-06","10"
"409","Patricia Serrano","anntaylor@gonzalez.com","2024-05-21","7"
"410","Michele Rodriguez","stephanie06@hotmail.com","2024-02-05","8"
"411","Alicia Alexander","upatterson@gmail.com","2023-12-20","2"
"412","Sharon Knox","gardnergabrielle@doyle.com","2024-10-11","8"
"413","Dennis Davidson","phart@hotmail.com","2024-07-28","9"
"414","Andrew Johnson","saramcdowell@gmail.com","2024-04-28","3"
"415","Randy Johnson","cunninghamtony@hotmail.com","2025-06-01","2"
"416","Anthony Rodriguez","qrodgers@todd-davis.org","2024-04-04","9"
"417","Mrs. Julie Todd","russellsusan@gmail.com","2025-04-06","1"
"418","Alyssa Oconnor","amanda19@hotmail.com","2025-06-15","10"
"419","Rachel Thompson","chad50@wilson.com","2025-04-06","6"
"420","John Schmidt","ylee@newton.com","2024-01-08","6"
"421","Karen Rivera","randallrichard@hotmail.com","2024-10-27","9"
"422","Dennis Hanson","kellyrobinson@swanson.com","2024-03-08","4"
"423","Ronald Smith","garywilliams@hotmail.com","2025-06-10","2"
"424","Daniel Nichols","awest@hotmail.com","2025-03-06","6"
"425","Christopher Warner","rtaylor@bauer.com","2023-11-21","5"
"426","Benjamin Hart","jhicks@gmail.com","2025-02-10","9"
"427","Beth May","crystalrodriguez@davis.com","2024-03-03","7"
"428","Joshua Rodriguez","kleinkelly@edwards.net","2025-05-31","1"
"429","Kimberly Hill","andrew92@hotmail.com","2023-08-26","1"
"430","Miguel Acosta","jason61@gmail.com","2024-06-26","2"
"431","Joseph Braun","scottolsen@gmail.com","2024-02-14","7"
"432","Samantha Roy","sbarnes@hotmail.com","2024-02-05","7"
"433","Diana Fields","twells@jones-cook.com","2023-12-14","3"
"434","Logan Velasquez","phillipstyler@ryan.net","2024-07-11","4"
"435","Katrina Sullivan","lisa03@yahoo.com","2024-10-02","4"
"436","Alan Villegas","xanderson@gmail.com","2025-04-16","7"
"437","Brian Merritt","powersannette@gmail.com","2025-02-18","3"
"438","Teresa Smith","thomaskevin@ryan.com","2024-08-10","6"
"439","John Dillon","uwilliams@mccoy.com","2024-01-10","4"
"440","Bobby Mason","juan98@yahoo.com","2024-02-06","2"
"441","Perry Thomas","qwolfe@norman.com","2023-09-06","3"
"442","Adam Shelton","cheryl09@yahoo.com","2024-11-03","6"
"443","Jeremy Newman","andrewreynolds@smith-drake.biz","2024-11-19","9"
"444","Sean Hayes","jason80@melton.com","2024-11-14","3"
"445","Kerry Lara","wolfdaniel@hotmail.com","2025-04-22","7"
"446","David Flowers","marc29@roy.com","2024-03-10","9"
"447","Douglas Ramirez","mossbrittany@gmail.com","2024-08-01","3"
"448","Mary Woods","tlynch@green-bailey.info","2024-09-17","10"
"449","Hannah Wiggins","wagnerlori@gmail.com","2024-02-29","3"
"450","Barbara Scott","denisepena@gmail.com","2023-12-28","10"
"451","Jessica Zamora","jamesknight@gmail.com","2023-07-04","1"
"452","Mary Wilson","rasmussenmelanie@yahoo.com","2025-05-18","6"
"453","Daniel Smith","bnovak@hotmail.com","2024-04-03","2"
"454","Amanda Erickson","williamstodd@bradley-davis.info","2025-05-08","9"
"455","Meghan Cummings","sandra73@padilla.org","2023-10-02","9"
"456","Theresa Hansen","agarcia@hotmail.com","2024-09-09","5"
"457","Angela Macdonald","farmerveronica@hotmail.com","2024-02-15","8"
"458","Melissa Morris","charrison@gmail.com","2024-11-03","1"
"459","Christopher Fitzgerald","lisa84@yahoo.com","2024-01-02","1"
"460","Kimberly Hernandez","amycherry@yahoo.com","2023-12-13","9"
"461","Cassie Lopez","jacobstyler@cunningham.com","2024-07-12","8"
"462","Daryl Fisher","julielevine@huffman.net","2023-12-06","3"
"463","Stephanie Caldwell","yatesjudith@hoffman.info","2023-08-01","8"
"464","Michael Hill","cassiedalton@gmail.com","2023-10-20","4"
"465","Dawn Gibbs","christopherbrown@barber.com","2023-11-13","10"
"466","William Williams","jbrooks@yahoo.com","2024-04-10","7"
"467","Gabriela Weiss","smithjeffery@rangel.com","2023-11-25","7"
"468","Anthony Valdez","kyleramos@jenkins.com","2024-03-05","6"
"469","Rebecca Bell","deborahdavidson@wood.biz","2023-07-06","8"
"470","Chad Whitaker","samuel56@hotmail.com","2025-03-26","2"
"471","Joshua Drake","johngiles@yahoo.com","2025-03-27","4"
"472","Sarah Mclaughlin","denise37@hotmail.com","2025-01-24","5"
"473","Crystal Wright","michael53@bailey.com","2024-12-11","5"
"474","Joshua Young","njensen@ellis.com","2024-04-16","9"
"475","Laura Ray","tfoster@evans.com","2025-06-19","5"
"476","Ashley Shah DDS","royryan@gmail.com","2023-11-02","4"
"477","George Davis","jose06@marquez.org","2024-12-27","2"
"478","Jennifer Klein","villatiffany@braun-bradford.org","2023-09-28","3"
"479","Danny Martinez","longdanielle@winters.biz","2024-08-10","4"
"480","Jasmine Rodriguez","nicolewaters@mason.net","2025-02-22","2"
"481","Robert Sutton","careygregory@lopez-beck.com","2025-04-06","4"
"482","Victoria Flores","davidsanders@yahoo.com","2025-04-29","4"
"483","Beverly Zimmerman","shannonsullivan@yahoo.com","2024-12-02","3"
"484","Mary Taylor","robertobarber@richardson-flores.biz","2024-03-12","2"
"485","Sarah Hernandez","brian00@hotmail.com","2023-12-07","4"
"486","Thomas Hayes","hickschristopher@marks.biz","2024-10-23","4"
"487","Robert Alexander","fwalker@hotmail.com","2024-07-13","7"
"488","Lauren Jordan","hannah00@yahoo.com","2024-12-03","10"
"489","Karen Ramirez","athompson@smith-wilson.biz","2024-04-23","1"
"490","Mark Hernandez","jonesnathan@marshall.com","2024-03-18","10"
"491","Anthony Griffith","elizabethbass@davis.biz","2024-07-18","9"
"492","Sean Fleming","amanda95@scott-johnson.com","2023-08-18","10"
"493","Larry Hudson","pcain@clark.com","2024-02-10","5"
"494","Xavier Wilson","arellanojillian@hotmail.com","2024-11-17","2"
"495","Donna Adkins","danielcarrillo@yahoo.com","2024-02-01","3"
"496","Kevin Peck","kristinharris@hotmail.com","2024-11-21","6"
"497","Michael Morris","jessica87@gmail.com","2025-04-23","5"
"498","Taylor Gonzales","silvajuan@hotmail.com","2024-02-09","2"
"499","Eric Velez","erichernandez@yahoo.com","2024-06-08","6"
"500","Tony Ferguson","barbarabenson@choi-weaver.com","2023-10-01","4"
"501","Gerald Arellano","glucero@griffin.net","2025-01-24","3"
"502","Gary Mosley","herreraemma@delgado.com","2025-04-02","5"
"503","Emily Morrison","hlowery@johnson.net","2024-08-22","4"
"504","James Flores","kathleen02@baker.com","2024-09-02","1"
"505","Bobby Huffman","lestersherri@hotmail.com","2024-09-15","6"
"506","Nicole Small","xtaylor@yahoo.com","2025-04-14","5"
"507","Timothy Newman","lroach@willis-lloyd.info","2025-01-24","10"
"508","Kelly Jones","cassandramcdaniel@yahoo.com","2024-02-14","2"
"509","Micheal Phillips","wpearson@schwartz.com","2024-04-04","8"
"510","Joseph Robinson","dixonmichael@yahoo.com","2024-07-29","5"
"511","Christy Garcia","yyu@gmail.com","2025-01-30","8"
"512","Anna Bryant PhD","stacey31@black.com","2023-07-25","8"
"513","Jason Garcia","rhodesandrew@yahoo.com","2024-11-03","2"
"514","William West","jaimehoward@yahoo.com","2023-09-24","4"
"515","Susan Miller","anthonyhess@gmail.com","2024-08-06","2"
"516","Rhonda Rivera","twalton@moreno.info","2024-04-17","2"
"517","Nathan Lawson","danaharris@long-mathews.com","2024-12-02","5"
"518","Cameron Boyd","awade@garcia-nichols.com","2025-02-23","7"
"519","Melissa Myers","ksutton@sullivan.info","2025-03-05","3"
"520","Jonathan Santos","pgeorge@roberson.com","2023-08-10","4"
"521","Anthony Lester","hhiggins@velez.com","2023-12-12","6"
"522","John Fernandez","glevy@mullins.com","2023-09-27","6"
"523","Robert Wilson","prangel@hotmail.com","2025-06-21","4"
"524","Jennifer Cooper","clementstravis@yahoo.com","2024-08-28","5"
"525","Benjamin Mcclure","jonathan36@wolf.com","2024-02-16","9"
"526","Andrew Allen","xwilliams@yahoo.com","2024-02-12","10"
"527","Jacob Bates","lance40@pope.com","2024-01-06","5"
"528","Margaret Moore","erikdelacruz@gmail.com","2024-12-10","4"
"529","Ivan Wright","juliajones@thornton.biz","2024-04-01","3"
"530","Brett Webb","jbrewer@yahoo.com","2024-02-07","9"
"531","Kristin Clark","dcruz@gmail.com","2025-02-07","7"
"532","Anthony Miller","lshepard@gmail.com","2023-10-18","3"
"533","Robert Wagner","cgonzalez@yahoo.com","2023-12-30","1"
"534","Ashley Bell","kennethmiller@gmail.com","2024-08-02","1"
"535","Travis Hartman","williamcooper@hotmail.com","2023-11-14","8"
"536","Edward Reese","martinvanessa@kelley.com","2024-08-12","10"
"537","Brenda Juarez","laurie68@gmail.com","2024-08-29","1"
"538","Anthony Gomez","wlevine@hotmail.com","2024-05-31","4"
"539","Terri Smith","simmonsjohnathan@hotmail.com","2023-09-04","1"
"540","Andres Davis","nathan63@morris-archer.com","2025-05-30","9"
"541","Carrie Castillo","stewartkyle@hotmail.com","2023-07-26","2"
"542","Douglas Hernandez","millsstephen@yahoo.com","2024-10-30","10"
"543","Michelle Williams","cherylbond@rivera-tate.info","2025-01-31","5"
"544","Donna Williamson","deandale@yahoo.com","2024-10-16","6"
"545","Melanie Brown DVM","chase44@gardner-maldonado.net","2024-12-04","10"
"546","Robert Miller","sandralewis@gmail.com","2023-07-15","10"
"547","Gene Larsen","waguirre@bernard.org","2023-09-21","3"
"548","Robert Ross","keith59@hotmail.com","2024-07-30","2"
"549","Jennifer Stevens","victoriafisher@rodgers-herrera.com","2025-02-25","3"
"550","Debbie Goodman","xgarcia@jefferson.com","2023-12-05","1"
"551","Tamara Cox","vedwards@beasley-clark.com","2024-03-12","2"
"552","William Kelly","jharper@patterson-wood.com","2024-08-10","6"
"553","Vincent Spencer","ufoster@sullivan.com","2023-12-24","4"
"554","David Valenzuela","freemanjennifer@hotmail.com","2024-06-01","8"
"555","Jesus Allen","hmarquez@hotmail.com","2023-07-22","9"
"556","Leslie Nelson","jordanjacob@yahoo.com","2023-11-25","8"
"557","Lawrence Bryant","imartin@dalton.com","2025-03-05","3"
"558","Mario Santos","wbrown@leblanc-hogan.com","2024-03-11","5"
"559","Allison Curry","vancebeth@tran.com","2025-04-24","10"
"560","Zachary Hodge","howarddanielle@marquez-kelly.com","2024-09-03","3"
"561","Chad Sanders","acline@brady.com","2024-11-24","7"
"562","Brian Harris","kristenblanchard@caldwell-walker.com","2025-01-03","1"
"563","Charlene Bell","kristin91@chaney.org","2024-05-30","6"
"564","Heather Watson","beardmiguel@mckinney.biz","2024-04-13","1"
"565","Mrs. Danielle Middleton","phillipharvey@gmail.com","2025-06-20","10"
"566","Laura Adkins","johnsonhailey@hotmail.com","2023-12-24","8"
"567","Carl Zimmerman","rushadam@lopez-martinez.net","2024-04-15","5"
"568","Steven Curry","rgarcia@rogers.info","2024-03-28","9"
"569","Patrick Coleman","ryan72@gmail.com","2024-08-18","4"
"570","Shawn Cohen","seanjohnson@coleman.com","2023-12-19","5"
"571","Lisa Ortega","brettwilliams@gmail.com","2024-07-30","2"
"572","Daniel Arnold","inavarro@hotmail.com","2023-12-18","8"
"573","Claudia Robles","julie19@hotmail.com","2024-06-03","7"
"574","Zoe Campbell","ericcunningham@keith-mendoza.com","2024-10-07","9"
"575","Susan Cooley","jason26@gmail.com","2023-06-28","4"
"576","Daniel Parker","msmith@hall.com","2024-06-10","1"
"577","Christopher Miller","vhart@hotmail.com","2024-11-23","9"
"578","Elizabeth Smith","xruiz@hotmail.com","2023-10-03","3"
"579","Allison Campbell","tonya78@hotmail.com","2024-01-21","9"
"580","Sarah King","fdalton@martinez.com","2023-10-23","7"
"581","William Reeves","ikemp@jackson.com","2023-10-12","6"
"582","Christina Walker","daniel91@tran.org","2024-06-14","4"
"583","Geoffrey Lee","rnguyen@gmail.com","2024-12-21","6"
"584","Micheal Carter","dunncassandra@yahoo.com","2023-08-28","2"
"585","Christopher Miranda","sreyes@hotmail.com","2024-05-22","9"
"586","Jake Williams","maria05@gmail.com","2024-01-27","10"
"587","Julia Martin","kristinalarson@gmail.com","2024-04-13","8"
"588","Kiara Price","christinehenry@gmail.com","2023-12-29","5"
"589","William Carpenter","rebecca50@yahoo.com","2024-11-10","10"
"590","Cheryl Phillips","wrightkevin@hotmail.com","2023-12-14","8"
"591","Hannah Nichols","tonybender@hotmail.com","2025-01-10","8"
"592","Kari Perez","wilkinseric@clark.com","2024-09-30","10"
"593","Jessica King","douglas42@gmail.com","2023-12-11","5"
"594","Brian Daniel","reyesnicole@hotmail.com","2024-09-14","4"
"595","Jaime Thompson","briansanchez@gmail.com","2024-05-20","8"
"596","Timothy Bennett","icook@yahoo.com","2023-09-13","10"
"597","Adam Phelps","catherinemitchell@perez.com","2025-01-10","6"
"598","Mark Allen","lindseyburke@solis.com","2024-09-23","4"
"599","Erin Haynes","troy48@hotmail.com","2025-05-09","7"
"600","Dennis Ortiz","annettemaldonado@rogers.com","2024-10-15","1"
"601","Jacob Dixon","joneserin@vargas.com","2024-07-10","1"
"602","Michael Harrell","lindsaycruz@wright.com","2023-08-02","3"
"603","Monique Bond","vincentfleming@hotmail.com","2023-08-22","6"
"604","Dr. Aaron Smith","matthewrobinson@gmail.com","2024-06-11","1"
"605","Jacqueline Williams","rachel59@hotmail.com","2024-10-24","10"
"606","Justin Reynolds","kho@gmail.com","2024-03-24","6"
"607","Robert Hahn","kimberlyburns@hotmail.com","2024-06-03","10"
"608","Randall Reed","havila@gmail.com","2024-04-19","7"
"609","Terri Santiago","emily41@hotmail.com","2025-01-29","9"
"610","Taylor Boone","adam25@smith-allen.biz","2023-08-07","3"
"611","Mitchell Morris","hannahmunoz@gillespie.com","2024-06-19","7"
"612","Ronald Rodriguez","kelly59@yahoo.com","2025-01-09","3"
"613","Jeffrey Gutierrez","anne64@barry.com","2025-02-25","8"
"614","James Jordan","jasonthompson@hotmail.com","2024-11-08","7"
"615","Andrew Mcdaniel","michelle44@gmail.com","2023-07-17","10"
"616","Alex Ross","youngmary@garcia.org","2024-03-12","6"
"617","Stephanie Ward","richard06@hotmail.com","2024-04-25","1"
"618","George Rogers","epeterson@henderson-warren.com","2024-03-27","7"
"619","Seth Johnson","xthomas@long.biz","2023-09-25","3"
"620","Jason Mata","gknight@brown.com","2024-12-06","7"
"621","Amanda Kennedy","robinsmith@yahoo.com","2023-11-11","9"
"622","Jake Franklin","georgefoster@yahoo.com","2025-03-04","8"
"623","Amy Medina","davidgiles@gmail.com","2024-04-11","2"
"624","Michael Kelly","cathykelly@bradshaw.com","2023-10-10","9"
"625","Christine Jones","douglaswilliams@gmail.com","2023-08-27","4"
"626","Miranda Newman","jameswhite@gmail.com","2024-03-17","10"
"627","Mrs. Gloria Garcia DDS","charles39@gmail.com","2024-10-26","5"
"628","Shari Wright","kmoore@mayo.info","2023-09-02","10"
"629","Alicia Hudson","josephjones@dixon.com","2024-07-09","9"
"630","Christopher Meyer","curtistonya@perry-yang.biz","2024-06-09","8"
"631","Wendy Lowery","gravesbrenda@mejia-henderson.com","2024-01-14","8"
"632","Robert Castillo","christopheroconnell@ward.com","2024-06-01","4"
"633","Shannon Medina","hahnlauren@kennedy-stevens.net","2025-06-15","9"
"634","Ronnie Scott","rsmith@todd.com","2024-06-23","7"
"635","Robert Miller","michael29@yahoo.com","2024-02-03","6"
"636","Carrie Ross PhD","henry45@mason-jenkins.com","2023-08-06","2"
"637","Vanessa Jensen","lsmith@yahoo.com","2023-09-23","7"
"638","Heather Terry","william65@yahoo.com","2023-06-28","2"
"639","Meredith Wells","cassandra93@gmail.com","2024-04-15","5"
"640","Nicole Perkins","wagnertamara@brown.com","2024-07-23","9"
"641","Kim Schneider","flemingcourtney@weaver-gonzalez.com","2023-06-29","1"
"642","Matthew Mason","willisdeborah@salinas-terrell.biz","2024-06-06","5"
"643","Mr. Christopher Evans","qwall@matthews.biz","2023-09-25","7"
"644","Tiffany Aguilar","mollycunningham@gmail.com","2025-06-05","7"
"645","Janice Burke","kathrynmoody@santana.com","2023-12-13","7"
"646","Katie Herrera","moralestyler@hotmail.com","2024-06-26","7"
"647","Mrs. Destiny Glenn","harold36@yahoo.com","2023-07-14","9"
"648","Rachel Day","jerry01@estrada-burton.biz","2025-03-17","8"
"649","Fernando Taylor","wangbeth@martinez-jennings.com","2025-02-04","9"
"650","Janice Romero","marthaedwards@shaw.com","2024-03-03","6"
"651","Karen Alvarez","gloria02@hernandez-chambers.com","2025-06-24","7"
"652","Scott Fletcher","jeremy84@gmail.com","2023-08-08","6"
"653","Jordan Gonzalez","tinacook@perry.info","2024-02-24","1"
"654","Thomas Clark","kylejensen@stein.info","2023-11-22","8"
"655","Curtis Chen","dustindalton@hotmail.com","2023-08-13","8"
"656","Teresa Garrison","thompsonbrandy@richards.net","2023-11-22","9"
"657","Robert Adams","mckenzieerik@russell.com","2025-06-11","3"
"658","Kayla Cobb","joshua83@gmail.com","2025-04-19","2"
"659","Lori Morgan","christopheradams@yahoo.com","2023-10-30","6"
"660","Amanda Padilla","gmaldonado@kaiser.com","2023-08-23","4"
"661","Nathaniel Larson","jacobturner@hotmail.com","2024-03-19","7"
"662","Lindsey Rhodes","dana36@yahoo.com","2024-08-30","3"
"663","Madison Guzman","kelseywu@hotmail.com","2025-03-28","6"
"664","Joseph Hunt","jacobsonrobert@gmail.com","2023-11-28","6"
"665","Adam James","hughesmarvin@boyer-cline.org","2025-02-16","1"
"666","Christine Gregory","frank57@hotmail.com","2024-11-11","1"
"667","Matthew Howe","millerelizabeth@gmail.com","2024-10-15","7"
"668","Jessica Robertson","tmartinez@yahoo.com","2024-06-15","7"
"669","Anthony Fields","melissa10@lee.biz","2023-10-22","7"
"670","Linda Peters MD","holderdrew@williams.com","2024-12-17","1"
"671","Donna Lynn","floresjennifer@hotmail.com","2025-04-25","9"
"672","Kristin Carlson","bhunt@berg.com","2025-06-01","5"
"673","Todd Smith","robertawright@hotmail.com","2025-03-20","9"
"674","Sandra Bradford","jessefreeman@barnett.com","2024-10-13","7"
"675","Rachel Watkins","justin47@thompson-peters.com","2024-04-17","1"
"676","Courtney Oliver","cynthia74@kennedy.com","2025-04-18","9"
"677","Michelle Campbell","flemingjeffrey@yahoo.com","2025-05-10","3"
"678","Angel Fisher","montoyatyler@hotmail.com","2024-10-23","7"
"679","Melissa Wiggins","kerrysanchez@hotmail.com","2024-02-24","10"
"680","Cindy Martin","alexander04@reed.com","2024-04-09","6"
"681","Amy Strickland","gcarter@hotmail.com","2024-06-01","8"
"682","Jamie Murray","joshua59@smith.com","2023-08-12","3"
"683","Jennifer Ross","sunderwood@yahoo.com","2024-03-28","8"
"684","Julie Cooper","teresa41@yahoo.com","2024-01-21","9"
"685","Jimmy Moore","trangarrett@gmail.com","2024-05-22","8"
"686","Karen Schmitt","alin@rodriguez.com","2023-11-14","5"
"687","Ethan Day","stephanie82@sawyer.com","2023-10-24","5"
"688","Kathleen Wright","irodriguez@gmail.com","2024-06-30","9"
"689","Hayley Gordon","nicole54@ramirez-phillips.info","2025-03-17","2"
"690","Felicia Harris","harmonemily@yahoo.com","2025-06-08","6"
"691","Kenneth Williams","amandalong@hotmail.com","2024-11-25","10"
"692","Kimberly King","claireluna@gmail.com","2024-09-16","9"
"693","Thomas Greene","stacey90@sanford.info","2024-10-08","4"
"694","Leah Reyes","wdavis@hotmail.com","2024-08-05","10"
"695","Derek Hernandez","lewisnancy@yahoo.com","2025-06-17","6"
"696","Eric Patton","nicole88@yahoo.com","2024-01-19","6"
"697","Carolyn Harris","danielleperez@yahoo.com","2024-05-05","10"
"698","Steven Evans","lambclarence@gmail.com","2023-08-02","3"
"699","Kenneth Clark","zsampson@cross.biz","2023-09-02","7"
"700","David Murphy","kimberlywhitehead@hotmail.com","2023-08-10","10"
"701","Virginia Jenkins","smithlauren@yahoo.com","2024-02-05","8"
"702","Stephanie Brown","kcross@cummings.com","2023-11-18","4"
"703","Christine Underwood","fwilliams@yahoo.com","2023-11-09","5"
"704","Claire Harris","jonesjeremy@brooks.net","2023-07-04","2"
"705","Dennis Aguilar","hernandezmatthew@hendricks.com","2025-04-05","10"
"706","Timothy Novak","nicoleortega@yahoo.com","2024-08-12","7"
"707","Adam Brown","yfisher@gmail.com","2024-04-02","10"
"708","George Scott","christopherhicks@oliver.com","2024-07-01","7"
"709","Kristin Archer","toddanderson@hotmail.com","2025-04-16","1"
"710","Kelly Green","ronald53@wagner.com","2023-07-09","7"
"711","Tara Torres","hardingjonathan@morris.com","2024-03-05","4"
"712","Angela Hayes","barnesrenee@hotmail.com","2024-12-12","8"
"713","Jacqueline Brown","tayloremily@yahoo.com","2024-02-20","9"
"714","Jacqueline Phillips","ivanweber@yahoo.com","2024-08-17","8"
"715","Dr. Olivia Reilly","crawfordsuzanne@yahoo.com","2023-11-12","10"
"716","Erica Smith","jonathon97@gmail.com","2024-02-19","3"
"717","Paul Stokes","donaldjefferson@williams.biz","2025-06-14","5"
"718","Stephen Mccullough","alexa33@perez.com","2025-05-18","10"
"719","Amanda Ramirez","johnsonnicole@yahoo.com","2024-02-19","6"
"720","Shannon Solis","thomasshannon@gmail.com","2025-02-24","6"
"721","Kevin Anderson","jjensen@avila.com","2023-12-01","5"
"722","Timothy Ellis","vsummers@rivera-yang.com","2023-09-02","7"
"723","Jordan Price","kyle72@gmail.com","2024-07-13","3"
"724","Amber Stewart","adam66@hotmail.com","2025-02-06","2"
"725","Lori Flores","kimberly01@smith-brown.com","2024-11-28","3"
"726","Allison Cruz","erin31@hotmail.com","2023-09-07","1"
"727","Christopher Warner","diazdaniel@clark-howard.com","2024-04-08","3"
"728","Cheryl Spencer","ashley72@roth.com","2025-05-27","8"
"729","Nicholas Miller","kathrynclark@yahoo.com","2025-06-05","4"
"730","James Brown","john24@gmail.com","2024-12-19","6"
"731","Tina Taylor","zjackson@yahoo.com","2024-02-04","8"
"732","Ellen Quinn","toddhill@cooper-williams.com","2025-01-08","10"
"733","Shawna Henderson","carrillomichael@yahoo.com","2024-08-06","1"
"734","Melissa Jackson","yoderlindsey@murphy-trujillo.biz","2024-04-17","6"
"735","Adriana Richards","tjoseph@yahoo.com","2025-03-24","8"
"736","Bonnie Meyers","wsheppard@hotmail.com","2023-09-05","2"
"737","Karen Gill","terryjoseph@hotmail.com","2024-12-09","10"
"738","Christopher Decker","justin47@gmail.com","2023-10-20","7"
"739","Robert Phillips","kempraymond@stanley.net","2024-08-09","9"
"740","Richard Stephens","kenneth72@chapman-white.org","2025-02-19","3"
"741","Tara Reyes","shawnwallace@ross-green.com","2024-02-21","5"
"742","Meghan Paul","cpeterson@lowe.net","2025-03-13","5"
"743","James Holt","millerkari@jackson.com","2023-07-23","9"
"744","Stanley Wolfe","ykennedy@hotmail.com","2025-01-07","6"
"745","Mr. Antonio Williams III","owhite@hotmail.com","2025-04-07","5"
"746","Jeanne Hale","reynoldsdavid@graham.com","2023-08-21","6"
"747","Billy Brewer","emilybutler@murphy-davis.com","2024-10-09","5"
"748","David Snyder","jacksonmitchell@gmail.com","2024-01-14","8"
"749","Tyler Jones","coxcarl@davidson-perez.org","2024-12-30","6"
"750","Cory Porter","vasquezscott@hotmail.com","2024-02-12","4"
"751","Luke Johnson","emilygarcia@martinez.com","2023-12-15","8"
"752","Kathy Taylor","bernardshaw@martinez-schultz.com","2025-01-05","6"
"753","Megan Young","ltran@sanchez.com","2024-09-22","5"
"754","James Adams","jennifermalone@gmail.com","2024-06-08","8"
"755","Brandon Hall","lisa12@fletcher.org","2024-12-23","7"
"756","Michelle Thomas","jamesramos@hotmail.com","2025-04-13","5"
"757","Jeffery Collins","saragonzales@hotmail.com","2024-02-12","5"
"758","Jennifer Alvarez","barajassean@yahoo.com","2025-03-04","10"
"759","Ashley Jackson","pschroeder@gmail.com","2025-05-05","2"
"760","Jennifer Murphy","timothyhall@gmail.com","2025-02-13","8"
"761","April Dawson","mcmillanstacy@yahoo.com","2024-07-29","6"
"762","Anthony Turner","caitlinwise@gmail.com","2023-08-17","8"
"763","Michelle Strong","webbashley@yahoo.com","2023-08-10","9"
"764","Jeffery Stevens","melinda30@gmail.com","2024-09-01","5"
"765","Brenda Clark","nmyers@yahoo.com","2023-10-09","6"
"766","Taylor Stone","william58@yahoo.com","2023-07-14","8"
"767","Peter Wilson","arnoldrachel@shepherd.com","2024-09-03","8"
"768","Christine Beard","juangomez@yahoo.com","2025-03-17","6"
"769","Diane Boone","hudsonjoseph@castillo-webb.com","2024-09-04","1"
"770","Cynthia Watts","xcampos@hotmail.com","2024-03-01","3"
"771","Heather Martin","heathjohn@hotmail.com","2025-05-19","3"
"772","Juan Kelly","gonzalezchristine@woodard.com","2023-11-17","7"
"773","James Black","fdunn@hotmail.com","2024-01-20","10"
"774","Kari Perez","egarcia@hotmail.com","2023-11-19","9"
"775","Stacey Thompson","wrightjordan@gmail.com","2025-05-07","1"
"776","Bryan Schultz","ryan53@hotmail.com","2025-05-03","9"
"777","Juan Fry","ramirezrachael@gmail.com","2024-06-08","7"
"778","Melissa Larson","reedchristopher@haney.com","2023-09-04","5"
"779","Douglas Walsh","juan38@yahoo.com","2024-05-14","1"
"780","Brett Valencia","mrichards@scott.com","2025-05-19","9"
"781","Michael Richmond PhD","teresa92@baird-williams.com","2024-12-24","7"
"782","Nichole Lin","michelleanderson@gibson-martin.com","2025-06-10","2"
"783","Jamie Carroll","mjoseph@yahoo.com","2023-09-06","8"
"784","Kevin Ochoa","vwalsh@hotmail.com","2025-03-10","5"
"785","Matthew Johnson","karen04@davis-haney.com","2023-08-13","5"
"786","Manuel Walker","scottsmith@yahoo.com","2025-05-20","6"
"787","Jennifer Ross","teresadavis@yahoo.com","2024-10-18","8"
"788","Julie Smith","lydia08@johnson-garrett.com","2024-05-24","4"
"789","Pam Davis","lopezpatricia@gmail.com","2025-03-05","1"
"790","Adam Benitez","emily15@yahoo.com","2025-04-22","7"
"791","Brandon Lewis","jasonharris@hatfield.com","2024-04-08","3"
"792","Jennifer Bowman","johnsonlisa@yahoo.com","2023-08-11","8"
"793","Misty Mora","kevinstewart@dean.com","2025-01-06","8"
"794","Nicholas Bell","leejessica@bryan-stevens.com","2024-09-25","2"
"795","Spencer Chavez","bheath@yahoo.com","2023-07-12","10"
"796","Michael York IV","nancymoss@ewing.com","2024-09-05","4"
"797","Tracy Merritt","jacksonmonica@yahoo.com","2024-07-09","8"
"798","Adam Jones","millerlisa@yahoo.com","2025-01-10","7"
"799","Paula Heath","bgray@martin.com","2025-05-10","7"
"800","Edward Rose","zsawyer@ortiz.com","2024-10-15","9"
"801","Mark Kirk","amy94@young-rhodes.com","2024-03-28","2"
"802","Dorothy Smith","amandasmith@yahoo.com","2024-05-21","4"
"803","Julia Wilkinson","vvelasquez@burns.com","2024-04-06","10"
"804","Cody Chavez","deborah95@hotmail.com","2024-11-07","7"
"805","Benjamin Thomas","kevinwallace@anderson.info","2023-11-05","10"
"806","Dana Barber","clarkjamie@yahoo.com","2023-11-18","6"
"807","Beth Hernandez","karabass@hotmail.com","2024-02-22","6"
"808","David Hansen","william53@walters-vargas.info","2024-02-15","8"
"809","Anthony Williams","kboyd@hotmail.com","2024-03-13","1"
"810","Amber Hurst","nina99@yahoo.com","2025-05-08","8"
"811","Leslie Coleman","krodriguez@gmail.com","2023-10-31","6"
"812","David Brooks","harperryan@hotmail.com","2024-03-05","3"
"813","Donald Parker","robertgarrison@juarez-smith.com","2025-04-18","7"
"814","Jasmine Roberts","jeffreyklein@garcia.com","2024-12-24","5"
"815","Robert Soto","myersbrandon@yahoo.com","2024-07-01","6"
"816","Erika Nguyen","bullockdavid@hotmail.com","2024-03-22","4"
"817","Micheal Mooney","johnbradford@duncan.com","2024-04-19","2"
"818","Amy Bullock","julie87@hotmail.com","2023-07-08","1"
"819","Victoria Hughes","mitchellheather@vargas-guzman.info","2025-02-09","8"
"820","Gerald Navarro","henrysarah@yahoo.com","2024-06-20","2"
"821","Teresa Melendez","david64@hotmail.com","2025-02-16","1"
"822","Phillip Campbell","jreeves@hotmail.com","2024-07-11","9"
"823","William Smith","matthew68@cooley.com","2024-09-18","6"
"824","John Liu","smithgloria@briggs.com","2024-11-03","10"
"825","Wendy Thomas","anitaduran@yahoo.com","2024-08-21","3"
"826","Thomas Mason","urodriguez@yahoo.com","2024-03-29","4"
"827","Christine Johnson","peter08@rose.info","2024-06-11","5"
"828","Tiffany Holder","egonzalez@howe.info","2024-08-23","9"
"829","Daisy Williamson","ewilliams@velasquez.info","2024-02-09","10"
"830","Sarah Contreras","alexander20@brown-morris.com","2024-08-07","5"
"831","Jermaine Little","xcooper@hamilton.biz","2024-05-31","10"
"832","Ariel Johnson","alexandriaruiz@gmail.com","2024-07-07","6"
"833","David Gonzalez","ifinley@yahoo.com","2023-10-09","6"
"834","Anthony Mcdaniel","julie39@gmail.com","2025-04-04","10"
"835","Timothy Santiago","ivanpham@yahoo.com","2023-12-24","4"
"836","Alison Mcdonald","carmen23@murphy.info","2023-10-09","6"
"837","Harry Brown","greenetaylor@gmail.com","2023-10-03","1"
"838","Peter Bruce","allison16@browning.com","2024-11-19","10"
"839","Jason Richardson","xavier43@yates.com","2024-06-25","3"
"840","Max Hicks","batestrevor@tanner.com","2024-11-20","9"
"841","Steven Wilson","michaelreed@gmail.com","2023-08-23","2"
"842","Gina Patterson","yhernandez@haynes-gray.com","2023-07-15","1"
"843","Thomas Shaw","williamsstephanie@hotmail.com","2024-01-28","10"
"844","Jeff Petersen","ehunt@davis.net","2025-05-20","6"
"845","James Bolton","longnicole@yahoo.com","2024-07-16","8"
"846","David Jones","luismills@hotmail.com","2025-02-08","3"
"847","Brandon Carpenter","jamesjones@hotmail.com","2024-02-28","7"
"848","Dr. Calvin Davis DDS","howardrobert@peterson.biz","2024-12-09","9"
"849","Teresa Banks","omiller@meyer.com","2023-08-21","7"
"850","Nancy James","isullivan@smith.com","2023-12-18","4"
"851","Keith Jones","david66@hotmail.com","2023-12-21","4"
"852","Victor Lambert","bdelgado@cunningham.biz","2024-08-24","4"
"853","Michael Drake","orozcojason@rhodes.com","2024-02-20","6"
"854","Kelly Hudson","walterthomas@west.com","2023-07-08","10"
"855","Amanda Hayes","parkrachel@hill.com","2024-08-16","9"
"856","Timothy Colon","carltyler@gmail.com","2023-11-30","4"
"857","David Harris","emiller@hotmail.com","2023-09-10","2"
"858","Kristen James","henrydixon@galloway.org","2025-01-07","2"
"859","Stephanie Williams","jacob60@robinson.net","2024-02-21","1"
"860","Amber Olson","perezshelby@yahoo.com","2024-04-03","7"
"861","Catherine Lowe","turnerdonna@gmail.com","2024-05-21","8"
"862","Michael Holmes","haleynelson@hotmail.com","2023-09-12","7"
"863","Monica Lewis","brendarobinson@yahoo.com","2023-11-15","6"
"864","Mrs. Renee Andrews","jonesmelanie@scott-cobb.com","2024-12-23","7"
"865","Katherine Mann","mercadomark@gonzalez.info","2024-04-21","9"
"866","Christie Gonzalez","pamelaconner@yahoo.com","2024-07-17","6"
"867","Gregory Short","gomezjessica@yahoo.com","2024-02-05","10"
"868","Sarah Bowers","lopezcarolyn@armstrong-davis.com","2025-05-12","3"
"869","Christopher Hamilton","caguirre@gmail.com","2025-01-18","5"
"870","Adam Howard","macklisa@scott.biz","2024-12-01","8"
"871","Trevor Adams","bonnie58@steele.info","2025-04-07","2"
"872","Shelly Johnson","toddpena@martin.net","2024-10-18","4"
"873","Mr. James Powell","emilyharrington@yahoo.com","2024-12-31","1"
"874","Diana Fowler","htate@gmail.com","2024-11-08","6"
"875","Bryce Garcia","nathanielmartin@eaton.biz","2025-04-02","3"
"876","Gregory Martin","brandonparker@payne-todd.net","2023-07-09","9"
"877","Carolyn Smith","jonesvalerie@reyes.biz","2023-07-10","9"
"878","William Gonzalez","jessica03@gmail.com","2023-08-06","6"
"879","Emily West","parkmonica@gmail.com","2023-08-20","2"
"880","William Bennett","tharris@yahoo.com","2025-05-07","7"
"881","Anna Smith","mccoyrichard@yahoo.com","2025-06-09","9"
"882","Jason Gilbert","brittany53@hotmail.com","2025-02-20","2"
"883","Brandon Fields","waltersryan@bennett.biz","2023-10-01","5"
"884","Christopher Garrett","kinggregory@castaneda-young.net","2023-12-21","1"
"885","Tracey Davila","elliottdominic@rodriguez-wells.info","2023-10-11","10"
"886","Tammy Smith","smithjulian@hotmail.com","2024-05-19","3"
"887","Julian Lloyd","gberger@gentry.com","2023-12-07","8"
"888","Lisa Pham","donovanmatthew@stein.org","2023-08-24","8"
"889","Christopher Hill","elizabethsimon@hotmail.com","2024-11-22","2"
"890","Nicholas Espinoza","zparker@hooper.com","2024-05-23","6"
"891","Curtis Thomas DDS","vrich@phillips.com","2023-11-16","7"
"892","Nancy Tucker","lesliecampbell@hotmail.com","2025-04-08","7"
"893","Dean Frank","vhall@hotmail.com","2025-03-17","8"
"894","Eric Brock","jeanwilson@hotmail.com","2023-10-21","8"
"895","Jeffrey Rogers","felicialopez@gmail.com","2024-12-13","7"
"896","William Brown","bradleypayne@wilkerson-johnson.com","2024-06-18","7"
"897","Ana Hernandez","kmayo@gmail.com","2023-07-15","8"
"898","Adam Davidson","donaldgomez@gmail.com","2024-08-04","9"
"899","Terri Mcdonald","dannypruitt@gmail.com","2023-11-10","1"
"900","Lori Pitts","nlee@hotmail.com","2024-11-07","9"
"901","Clarence Wilson","rbush@martinez.biz","2023-08-13","5"
"902","Andrew Higgins","jimenezfernando@hotmail.com","2025-04-12","6"
"903","Aaron Murray","thomas96@hunt.org","2024-06-15","8"
"904","Stacey Jones","harpermichelle@gibson.info","2025-05-11","10"
"905","Tracey Alexander","uhouston@turner-perez.com","2024-06-11","5"
"906","Sara Phillips MD","hayleyfreeman@taylor-wilson.com","2024-08-03","2"
"907","David White","bwashington@yahoo.com","2023-10-01","9"
"908","Andrew Sanchez","robertolee@yahoo.com","2023-08-27","10"
"909","Chad Vega","twebster@espinoza-mccann.com","2024-07-09","1"
"910","Sierra Hunt","robertjones@stanton.com","2024-03-10","9"
"911","Gabrielle Aguirre","coxdestiny@barr.com","2023-07-29","2"
"912","Jason Edwards","huffmanjose@yahoo.com","2023-09-23","7"
"913","Christy Jackson","mrubio@stevenson.org","2024-05-26","9"
"914","Aaron Jefferson","john68@mills.biz","2023-11-02","3"
"915","Marisa Tucker","melvinmann@smith.com","2024-06-01","2"
"916","Randy Adams","josephgonzalez@lawson-blackburn.com","2024-01-13","8"
"917","Michelle Wallace","joseph89@herrera.com","2025-04-14","10"
"918","Bobby Davis","hardingbryan@hotmail.com","2023-08-11","1"
"919","Maria Mayo","jonesmichelle@russell-cruz.com","2024-11-03","3"
"920","Cynthia Durham","barberdominic@hotmail.com","2024-07-13","1"
"921","Jeffrey Cooper","jduncan@george.com","2023-12-25","3"
"922","Brandi Hicks","qlynch@griffith-freeman.com","2023-06-30","10"
"923","Calvin Bolton","tamara68@brooks-rush.com","2024-06-17","9"
"924","Patricia Robinson","esparzacandace@castaneda.org","2024-06-04","2"
"925","James Brown","ashley03@hotmail.com","2025-03-30","4"
"926","Jennifer Macias","floreskristine@benton.com","2023-12-23","8"
"927","Melissa Miles","deanna35@turner-wilson.com","2023-08-02","8"
"928","Stephen Salinas","shari62@williams.com","2024-10-05","10"
"929","Angela Woods","rduke@smith.net","2024-02-23","3"
"930","Richard Collins","iyoung@martin.net","2024-10-12","3"
"931","Matthew Perry","salinaschristine@hotmail.com","2024-10-19","7"
"932","Rebecca Green","justin32@glover-scott.com","2024-01-09","8"
"933","Laura Lucero","pclark@browning-snyder.com","2024-12-05","9"
"934","Adrian Barton","danielle19@parker.com","2024-04-16","3"
"935","Alison Hernandez PhD","lambertandrea@hotmail.com","2023-07-10","10"
"936","Stephen Diaz","popevictor@moyer.com","2024-04-09","10"
"937","Maria Boyd","noahgriffin@baker.com","2024-10-31","4"
"938","Jonathan Swanson","ogibson@brown.com","2024-04-06","8"
"939","Travis Wise","ijohnson@anderson.com","2024-12-13","9"
"940","Dawn Hebert","gkaiser@hotmail.com","2023-12-03","5"
"941","David Garcia","cjohnson@hotmail.com","2025-03-27","1"
"942","Mackenzie Wilkerson","hannah59@ballard-alvarado.net","2024-09-06","9"
"943","Larry Douglas","vincentanthony@hotmail.com","2024-03-05","4"
"944","Sandra Tyler","owilson@gmail.com","2024-02-04","9"
"945","Eric Carter","elizabethfox@hotmail.com","2024-09-03","2"
"946","Zachary Hernandez","allencody@yahoo.com","2024-10-08","9"
"947","James Perez","lauren39@yahoo.com","2024-08-31","1"
"948","Matthew White","jamesjensen@chapman.com","2025-01-19","8"
"949","Mary Moore","zlindsey@sullivan.info","2024-09-24","1"
"950","Matthew Boyer","gonzalezbrian@chapman-howe.com","2024-09-29","1"
"951","Stephanie Richards","jonathanking@yahoo.com","2023-09-14","9"
"952","Lindsay Brady","jesuswoodard@david.com","2024-11-11","5"
"953","Caroline Nelson","joseph64@gmail.com","2025-01-29","1"
"954","Rebecca Gonzalez","iriley@glover-watson.com","2023-09-08","3"
"955","Stephanie Archer","danielaguilar@hotmail.com","2024-09-30","6"
"956","Allison Brown","lisa36@scott-perez.com","2024-11-12","10"
"957","Laura Frost","fbruce@ford-rollins.com","2023-09-05","7"
"958","Wendy Robinson","david05@gmail.com","2025-03-10","9"
"959","Clifford Brown","arthurmiller@martinez.info","2024-03-23","8"
"960","Hailey Williams DDS","garypeters@hotmail.com","2023-09-04","5"
"961","Kelly Lin","romeroamy@gmail.com","2024-10-06","9"
"962","Michael Ware","darryl78@gallagher.net","2025-04-09","2"
"963","Antonio Taylor","lisabrown@snyder-harper.com","2024-03-12","4"
"964","Nicole Bishop","thomaslauren@gmail.com","2025-04-01","7"
"965","Eric Bradley","robertsmatthew@hotmail.com","2023-09-25","7"
"966","Dale Mcdonald IV","qcollins@gmail.com","2024-11-28","4"
"967","Marcia Dominguez","taylormichele@gmail.com","2023-09-22","5"
"968","Mary Thornton","brandonrodriguez@gmail.com","2025-05-08","2"
"969","Sandra Price","morganlogan@hotmail.com","2025-03-17","7"
"970","Jill Savage","danielledavis@yahoo.com","2023-09-15","9"
"971","Jerry Norton","harpernancy@gmail.com","2023-07-06","8"
"972","Jason Pierce","gailchan@butler.net","2023-10-11","6"
"973","Colleen Alexander","steven89@hotmail.com","2024-11-10","1"
"974","Shane Costa","kristin30@baker-reyes.biz","2024-09-08","3"
"975","Tyler Hodges","alexandra90@gmail.com","2023-11-04","1"
"976","Tammie Rice","riosjulie@hotmail.com","2024-06-28","6"
"977","Kyle Brooks","melissa40@gonzalez-jones.info","2024-10-17","8"
"978","Christina Lewis","sarahmoss@gmail.com","2025-02-09","5"
"979","Jack Floyd","gilestonya@hotmail.com","2024-03-21","4"
"980","Robin Ingram","palmerchad@hotmail.com","2024-07-05","5"
"981","Pamela Garcia","freemanjeremy@clark-kennedy.com","2023-07-28","7"
"982","Matthew Alvarado","qwu@yahoo.com","2023-12-15","5"
"983","Tammie Rodriguez","nwalters@curtis-ford.org","2023-07-03","6"
"984","Cindy Garrett","williamsanchez@hotmail.com","2024-03-12","3"
"985","Angela Lowe","cadams@hotmail.com","2023-11-27","4"
"986","Marc Miller","nchen@kemp-clark.com","2024-02-15","7"
"987","Erica Smith","santanatina@ellis-ramos.com","2025-06-16","8"
"988","Adam Martinez","joelawrence@guzman.info","2025-03-04","6"
"989","Tanya Vargas","chaneywilliam@david.org","2025-04-12","1"
"990","Paula Smith","michael49@rogers.net","2023-09-15","1"
"991","Julie Rodriguez","paularodriguez@hotmail.com","2024-01-16","5"
"992","Shelly Smith","annaanderson@rivera-beltran.biz","2025-06-14","8"
"993","Courtney Lee","johnwalter@rivas.info","2025-03-11","8"
"994","Tiffany Smith","alison02@martinez.net","2024-05-08","2"
"995","David Rich","martinezstephanie@gmail.com","2024-12-12","1"
"996","Joshua Davis","joelvelez@hotmail.com","2023-08-28","10"
"997","Adam Martinez","timothyturner@yahoo.com","2024-11-10","7"
"998","Leonard Medina","marcus21@gmail.com","2025-06-21","3"
"999","Joshua James","smithlisa@owens-mcclure.net","2024-07-19","1"
"1000","Brandon Lucas","edward33@hotmail.com","2025-06-10","7"
